{
  "kind": "collectionType",
  "collectionName": "products",
  "info": {
    "name": "Products",
    "description": ""
  },
  "options": {
    "increments": true,
    "timestamps": true,
    "draftAndPublish": true
  },
  "attributes": {
    "Title": {
      "type": "string",
      "required": true
    },
    "Description": {
      "type": "text",
      "required": true
    },
    "Price": {
      "type": "decimal",
      "required": true
    },
    "Currency": {
      "type": "string",
      "required": true
    },
    "slug": {
      "type": "uid",
      "targetField": "Title",
      "required": true
    },
    "Image": {
      "model": "file",
      "via": "related",
      "allowedTypes": [
        "images"
      ],
      "plugin": "upload",
      "required": true
    },
    "Category": {
      "type": "enumeration",
      "enum": [
        "Electronics",
        "Clothes",
        "Footwear",
        "Watches"
      ],
      "required": true
    }
  }
}
