{
  "routes": [
    {
      "method": "GET",
      "path": "/orders",
      "handler": "orders.find",
      "config": {
        "policies": []
      }
    },
    {
      "method": "GET",
      "path": "/orders/count",
      "handler": "orders.count",
      "config": {
        "policies": []
      }
    },
    {
      "method": "GET",
      "path": "/orders/:id",
      "handler": "orders.findOne",
      "config": {
        "policies": []
      }
    },
    {
      "method": "POST",
      "path": "/orders",
      "handler": "orders.create",
      "config": {
        "policies": []
      }
    },
    {
      "method": "PUT",
      "path": "/orders/:id",
      "handler": "orders.update",
      "config": {
        "policies": []
      }
    },
    {
      "method": "DELETE",
      "path": "/orders/:id",
      "handler": "orders.delete",
      "config": {
        "policies": []
      }
    }
  ]
}
