{
  "routes": [
    {
      "method": "GET",
      "path": "/products",
      "handler": "products.find",
      "config": {
        "policies": []
      }
    },
    {
      "method": "GET",
      "path": "/products/count",
      "handler": "products.count",
      "config": {
        "policies": []
      }
    },
    {
      "method": "GET",
      "path": "/products/:id",
      "handler": "products.findOne",
      "config": {
        "policies": []
      }
    },
    {
      "method": "POST",
      "path": "/products",
      "handler": "products.create",
      "config": {
        "policies": []
      }
    },
    {
      "method": "PUT",
      "path": "/products/:id",
      "handler": "products.update",
      "config": {
        "policies": []
      }
    },
    {
      "method": "DELETE",
      "path": "/products/:id",
      "handler": "products.delete",
      "config": {
        "policies": []
      }
    }
  ]
}
